{"cameraMode":{"drawMode":0,"name":"Shaded","section":"Shading Mode"},"sceneLighting":true,"audioPlay":false,"sceneViewState":{"m_AlwaysRefresh":false,"showFog":true,"showSkybox":true,"showFlares":true,"showImageEffects":true,"showParticleSystems":true,"showVisualEffectGraphs":true,"m_FxEnabled":true},"in2DMode":false,"pivot":{"x":-27.35165786743164,"y":2.7345993518829347,"z":80.89623260498047},"rotation":{"x":0.09166641533374787,"y":-0.017927726730704309,"z":0.0016499412013217807,"w":0.9956295490264893},"size":9.0939359664917,"orthographic":false}