{"cameraMode":{"drawMode":0,"name":"Shaded","section":"Shading Mode"},"sceneLighting":true,"audioPlay":false,"sceneViewState":{"m_AlwaysRefresh":false,"showFog":true,"showSkybox":true,"showFlares":true,"showImageEffects":true,"showParticleSystems":true,"showVisualEffectGraphs":true,"m_FxEnabled":true},"in2DMode":false,"pivot":{"x":-25.802274703979493,"y":-18.41128158569336,"z":232.69338989257813},"rotation":{"x":0.0737452283501625,"y":-0.008293252438306809,"z":0.0007957223569974303,"w":0.9973165988922119},"size":87.29537963867188,"orthographic":false}