{"cameraMode":{"drawMode":0,"name":"Shaded","section":"Shading Mode"},"sceneLighting":true,"audioPlay":false,"sceneViewState":{"m_AlwaysRefresh":false,"showFog":true,"showSkybox":true,"showFlares":true,"showImageEffects":true,"showParticleSystems":true,"showVisualEffectGraphs":true,"m_FxEnabled":true},"in2DMode":false,"pivot":{"x":182.58668518066407,"y":-13.704254150390625,"z":-321.55242919921877},"rotation":{"x":0.4459669291973114,"y":0.3991782069206238,"z":-0.23217599093914033,"w":0.7667365670204163},"size":153.04550170898438,"orthographic":false}