{"cameraMode":{"drawMode":0,"name":"Shaded","section":"Shading Mode"},"sceneLighting":true,"audioPlay":false,"sceneViewState":{"m_AlwaysRefresh":false,"showFog":true,"showSkybox":true,"showFlares":true,"showImageEffects":true,"showParticleSystems":true,"showVisualEffectGraphs":true,"m_FxEnabled":true},"in2DMode":false,"pivot":{"x":43.29133605957031,"y":-14.283554077148438,"z":2.531280517578125},"rotation":{"x":0.18654873967170716,"y":0.5678302645683289,"z":-0.13330309092998506,"w":0.7907282710075378},"size":135.23092651367188,"orthographic":false}